Headlines,Time
Hire Solana Developers,1666188714
Panic time?,1666420603
ICYMI: Hivemapper - A decentralized 'Google Maps' built on Solana,1666624337
"There are countless chances to make money using Paysenger. One of them is the ability to quickly come up with ideas and communicate them to content producers for further creation and commercialization. Everyone can use the Web3 service Paysenger, which makes communication profitable!",1665440923
Sick new TikTok from BR1!,1665700903
Mandatory Royalties Petition?,1666688252
Solana can now be traded on our exchange aggregator over TOR with enhanced privacy,1665777229
What is the most important trait of an NFT project?,1665644298
US SEC launches investigation into Bored Ape Yacht Club creator Yuga Labs.,1665522309
Bitcoin Vs Solana,1665649244
Staking reward went down from 7.1% to 2.9%,1666458107
New Solana Project! Discover our Board Game and Comic Book üî• Discord link in comments,1665860941
All Things Solana with Anatoly | gm Podcast - Episode 20 (10.6.22),1666045070
Bring back royalties mfs!,1666683014
üöÄ TODAY's SOLANA NFT DROPS! 20th OCTOBER üöÄ,1666263054
NFT services,1666066838
Gm from Not Pussx NFT fam - we just landed on Solana ‚ù§Ô∏è,1666343578
sollet wallet is blank after adding hardware wallet,1666304074
Is it then difficult to understand that the project is unique?,1665605325
"""Buy-to-earn""? !",1666449802
Don't fret Solana crew. Sam Bank-MAN Friedman will get us out of this bear market. All hail Sam!,1666323806
APR in SOL pool,1665722266
NFT staking,1666094138
Crypto is the future,1666627447
How Much Will Solana Be Worth In 2025 | Solana Tokenomics,1666188178
"Guys tell me where to invest money you can buy some kind of nft? For good advice, of course, I can share a little))",1665483064
Solana Development Book,1666252722
"Check out Kippoverse, a fully integrated mobile metaverse that's live in the app stores. Land and Skin NFTs are instantly useable when you connect your phantom wallet within the app.",1666657250
An exciting story begins with a Mysterious üí• POWER üí•,1666688760
Next 100x NFT Season,1665976657
Texture Finance?,1666095184
Join the Hubble Protocol Town Hall kicking off right now üéôÔ∏è,1665675782
New Discord Bot for WL &amp; Collab Opportunities,1666323244
Missing SOL from my wallet,1666079174
The Need for Blockchain,1665760778
Brainstorming a static analyzer for Solana programs,1665511608
Unity and Phantom wallet integration,1666299336
Have you seen this project? Is it legit?,1666529956
Question about Solana sustainability,1666175484
Solana‚Äôs 5 NFT Loan Categories Explained,1666039315
2 things I‚Äôm excited for: Raydium is running faster than ever!!!! and CLASH token (CLH). Would be a great way to earn some SOL while 1v1 at billiards!,1666123097
Has anyone actually unstaked $SLIM from Solanium? Scam or user/platform error?,1666545105
A16z Leads $14M Funding Round for New E-Commerce Platform From Twitch Co-Founder,1665620463
Blockchain Development in Social Networks,1665681042
TLDR - what really happened with the Mango $117M hack,1666524673
Pigeons of New York MINT,1666637032
Can‚Äôt see my stake?,1665839933
What's your favourite Solana DeFi?,1665937530
A list of 80+ Solana public RPC endpoints at your service,1666122318
What good Solana based games can you recommend?,1665762057
Im done with this project .,1666451405
The first unified AMM &amp; Order book Exchange built on Solana,1665474813
New profit solana project,1666636936
I hate the term Solana killers...,1666109827
Solana can now be traded in privacy-focused exchange aggregator Trocador.app,1666091540
Question,1665644869
Solana Outage (30th Sep 22) - WTF Happened? | Our second vid! Hope you enjoy,1665667050
DAO on Solcial,1665740889
Everlend implements new 'Transfer Deposit' feature,1666192862
üåüüìëüíªWTF is Star anyway... and why do i need an omni chain domain name service?! üöÄüî•üí∏,1666359186
Do anyone still uses a wallet address to dump their spam NFT or they burn them via phantom wallet,1665749658
NFT Influencer Marketing: An Effortless Way to Garner Effective Reach!,1666336617
Staking via Trust Wallet,1666581563
WHY I CAN'T SEE MY DEPOSIT,1666610608
Crypto Analyst Predicts 825% Rally for Top Ethereum (ETH) Competitor on Back of Rapid Adoption,1666693226
Weekly Thread | October 24 - 2022,1666569806
Weekly Summary | October 7 - October 14 - 2022,1665767220
Is there a way to transfer Sol from Phantom to Metamask as ETH,1666610457
Not Pussx - New Magic Eden Art,1666646231
Is there a way to view staking rewards for a deactivated stake?,1665887171
Where is the best place to stake Solana?,1666663830
Introducing Solana Core - The First Buildspace Program Designed To Turn ANYONE Into A Solana Legend,1666303471
Legacy solflare unstake issues,1666126928
Validators growth &amp; staker incentives,1665424086
Hubble/Kamino Core Contributor Marius joined Brave New Coin's most recent podcast - well worth a listen! üî•,1665763122
Was solana a pump and dump?,1665681944
Solana's Top Marketplace Magic Eden Makes Royalties Optional,1665992535
The NFT you own can be changed by the creator without your permission.,1666602638
Hackers Targeting Solana (SOL) Wallets to Steal Crypto,1665567242
Solana Validator Multisig Management,1666307558
What we are all about,1666450965
Have you wanted to mint your artwork?,1666648943
DeLabs just launched a subreddot,1666658641
How do I become a Solana Developer?,1665533977
Solana Says Successfully Completed Cluster Restart After Outage,1665411064
Decentralization.. centralized?,1666689270
Shark Fight! 1/1 photography NFT on Solana,1665575090
DEMO: create a Solana webhook in 30 seconds | HeliusLabs,1666200190
How to check if validator goes offline with API?,1666326390
AMERICA IS GETTING WIPED OUT - Robert Kiyosaki's Last WARNING,1666394942
Mango Markets Hacker: I Had A ‚ÄúProfitable Trading Strategy‚Äù!,1666131936
EVERYONE Will Be TERRIFIED In 10 DAYS - CATHIE WOOD,1666133547
Do Solana NFTs have the potential to surpass ETH?,1665544123
Double snapshot,1666651021
Mirror World Smart SDK‚ÄîA Solana SDK That Basically Covers Everything Your Dapp Development Needs,1666271554
READY SET GOOOO!!!!,1666509704
"Give feedback to us, please. It will help us",1665517945
"a gentle reminder - the best way to make money in crypto is to invest $50, $100 or $200 a week into a coin",1666526532
üê±‚Äçüèçüå†üíØ Exchanges&gt;ICO's&gt;DEFI&gt;NFT's&gt;? What are the biggest use-case trends in the web3 space currently? üöÄüí∏üî•,1666560032
How to separate the community from toxic people?,1665518938
What do you miss in the old social networks?,1665741036
We solana metaverse coming,1666400113
Solana $12.2M in NFT sales from 303K TXs in the past 24H,1665478550
Best NFT COLLECTION that will meet your desire,1665695243
What are the best SOL based applications out there?,1665762128
Cannot see and unstake SOL in my wallet,1665823386
"Today, we‚Äôre launching Glow ID - a social identity that you own.",1665654314
Which cryptocurrency do you trust the most?,1665874730
Bikini Bottom ReVersed | Mint TODAY 16.10 | Solana | NFT-Collection,1665924668
"I would like to present one really cool nft project, anyone interested?",1665614914
Does anyone have an example of how to use the ThinClient for the solana rust client library?,1666677320
Dollar Cost Average on Solana with Jupiter x Snowflake Safe Multisig,1665490598
"Mango Markets, a decentralized platform hosted on the Solana blockchain, was exploited for over US$100 million.",1665554908
2022 Solana Ecosystem Map,1665766641
Weekly Thread | October 14 - 2022,1666569733
Cryptodira $DIRA,1666663427
BE CAREFUL! This Is SERIOUS - Ray Dalio's Last WARNING,1666313167
Who Shines Brighter? Solana Beats Ethereum In This Key Are...,1665748038
Sol sent to a limbo wallet?,1666363592
Free tool to keep track of transactions and historical pricing on Solana and EVM networks,1665567562
"Check out the FAQs people ask about Solana staking - Top 5 questions compilation done by stake2earn, Solana validator üôå",1665651682
What cool Solana based games can you recommend?,1665761985
Using the Solana Blockchain,1665563457
A Glance Through The Development Of NFTs,1666099219
"Web-3.com is Now at $4800, Own a Piece of the Web3",1666545017
Solana Nfts,1666654856
Solana create account with data,1666668138
Magic Eden Teams Up with Solana NFT Aggregator Platform Coral Cube - NFTgators,1665763098
"I have a sol domain address. However, how do I make so when I SEND some $ to someone, they can see it‚Äôs from me / my address and not the usual letters/numbers. Did a test send and it didn‚Äôt show up as ‚Äòfrom‚Äô my sol domain. Perhaps I have missed something? Or maybe this isn‚Äôt what it does‚Ä¶ ü§∑üèª‚Äç‚ôÄÔ∏è",1665754183
‚Äúzero-royalty movement‚Äù and Post-mint Monetization possibilities for Solana NFT Projects,1666549993
"Simpl3r Founder Interview - We Talk 0% Solana NFT Royalties, Scaling NFT Communities through Automation",1666453743
How long it takes to learn Solana if you know Rust?,1665508955
"Thirdweb - To Bring Their Full Stack Web3 Development Kit And Network Of 60,000 Builders To Solana.",1665671409
Working Solana faucet for fees ?,1665520140
How to retrieve art from an unminted collection?,1666551866
New social network.,1666611892
Keeping larger amount of USD on Kraken or in USDS in ledger wallet - Is it safe enough?,1665578358
Degenerate Drop Bears,1666661700
Metaplex Foundation Announcing The Candy Machine v3,1665547086
"Introducing the first instant unstake aggregator, via unstake.it's Valkyrie Update!",1665485772
"A fake Solana wallet security update aims to steal your cryptocurrency, according to reports",1665469721
What could be more important than a modern social network?,1665679274
Beta program for crypto education/trading,1665692163
Solana-Based Decentralized Finance Platform Mango Hit by $100 Million Exploit,1665565322
Pay for your user‚Äôs transaction fee,1665492024
"Decentralized NFTs representing real life jewelry, gold and gems ?",1665930605
FREE HASBRO COLLECTION MINT üéÅ,1666255404
Free tool to keep track of transactions and historical pricing on Solana and EVM networks,1665464527
Missing Sol Trust Wallet,1665673821
What‚Äôs everyone‚Äôs exit price for Solona?,1666021838
https://lunaticstoken.com/nft/,1665629825
Unstake.it Launches the Valkyrie Update - the first ever Instant Unstake Aggregator for your staked SOL,1665394467
"Hottest NFT free mint (monopoly hasbro) is on ETH, not sol. LAME hasbro",1666025459
Solana Blockchain Benefits,1665427758
Solana full nodes are available on NOWNodes!,1665764505
"Validator Educational Workshop October 12th, 2022",1665683167
Write up of the Metaplex Token Entangler Program Exploit.,1666216290
Why do business people create an IDO launchpad on Solana?,1666270356
A good infrastructure provider can make your life chill,1665625301
Direct purchase of SOL for US customers is now available on Guardarian,1666100034
Recommendations for learning more about the Solana Ecosystem,1666118109
Unity and Phantom wallet integration,1666297561
Seek the fire of the spark that is already within you. üî•,1666583945
Selling Breakpoint Ticket for Cheap,1666126689
Introducing the first ever instant unstake aggregator - via Unstake.it's Valkyrie Update,1665487451
I wanted to know what use cases are you giving solana beyond speculation and transaction fees?,1666644128
"SOLANA, we're having a Podcast and discussions open to ALL on October 18th, 2022 (Heads up)",1665965338
Solana Underdogs NFT Whitelist,1665868844
"Destroy the TechNodes with your Legendary NFT‚öîÔ∏è There are only 20 units to sell for 25,000 FFL each. üß¨üß¨üß¨ ‚úÖ‚úÖ‚úÖ‚úÖBuy your Legendary NFT now and get ready for Adventure Mode. https://play.battleforlife.online/shop",1665892192
Solüôåüèºüíé,1665674318
Solana staking went APY from 5.6% yesterday to 7.1% today,1666064216
"Check out the latest ""The Zeitgeist"" Phantom Podcast episode with Vibhu Norby, Solana Spaces founder and CEO!",1666020339
help(bad key size error and non-base58 character error),1666051964
How to Create a IDO Launchpad on Solana?,1665580318
Step Data Insights: Tokenomics - Star Atlas POLIS,1665776738
Social networks on Solana,1665936480
9PSAYr9cDsu4y3ScdWRXFFg597WBBWrBvmdiXfeqoAZE,1666445100
Thoughts about doxxing,1665535514
Here is a quick üßµ that explains Everlends UI &amp; how its built-in risk management works.,1666095081
"I have SOL Wormhole on Ethereum, how to send over to Solana?",1665558723
"Zebec will be featured on billboards, posters, and buildings of Kooola city in the Realy Metaverse, the first Live-to-Earn metaverse on Solana developed with Unreal Engine.",1666207836
Solana Staking On Ledger Live: Complete Guide,1665603230
Need help,1666484201
Extra Breakpoint Ticket (Selling Cheap),1666411131
Profile of the alleged hacker behind this week‚Äôs &gt;$100 million manipulation of Mango Markets.,1665735724
You can now lend/borrow $Algo on Solana!,1666021859
DONR Creative Content Contest! You could win up to 100k - DONR! (Now on the Solana chain!),1665527585
Solana can know be traded on our exchange aggregator over TOR for enhanced privacy,1665776231
October 1 - 15 at Solana Ecosystem,1666196230
kTokens are now live on Solend üöÄ,1666618983
Audius has acquired Virtual Music Experience Platform SoundStage.fm!,1666197780
Did solscan shown the nfts smart contracts like etherscan ?,1666484036
Now it's the time!,1666480745
"Let's revolutionize entertainment, one production at a time.",1665590175
"Free key phrase quiz, 0.02 sol reward",1665940715
Princess On üî•Fire Upcoming Event Dec End Of This Year!,1666543932
How do I become a Solana Developer?,1665556774
Czym jest Binance Simple Earn? Jak zarabiaƒá na kryptowalutach z Binance?,1666277618
How can I check/understand whether a smart contract can be edited or not?,1666696037
Solana DeFi Trading Platform Mango Markets Loses $100M in Hack,1665556548
What is Solana (SOL)? Guide to Solana Blockchain Nodes,1666206842
BETAVERSE TO THE MOONüöÄ,1666431107
Create account with data?,1666668259
What is the future of Web3 on Reddit,1666688393
gm,1666657852
What is the future of Redit and Web3?,1666688512
"On paysenger.com, you may earn money from your content and communicate with any influential person you choose. You can find thousands of your favorite content creators here if you value high-quality content but aren't a content creator yourself. Using paysenger, your plan is covered!",1665498023
Hello Investors if you got any Solana NFTs for sell kindly hit me up privately there will be less gas fee,1666333552
Now you can Login/Register to WordPress websites with Solana wallets using SolPress Login!,1666670375
Degenerate Ape Academy,1666660150
Russia's Economy Will Collapse In 30 Days,1666533353
Just lost 83 Sol to hackers. I think it‚Äôs time to get a hardware wallet,1665649432
Too good to believe- Try yourself! Shyft.to Web3.0,1665626348
NFT Marketplace Magic Eden Moves to Optional Royalty Model,1665944423
Gm,1666660530
anyone wanna Dropbox me solana to get started? still new to this,1666505295
Direct Validator Staking via Snowflake Multisig,1666177717
Sol Binance Staking (Beginner),1666146772
Any chance they would rename?,1666122775
The new edition of the Solana lending weekly is here!,1666013717
"Over the past year, Socean has delivered the best APR out of the stake pools on Solana!",1666349629
Do not deposit funds into Mango right now. Attack of some sort ongoing,1665531641
Weekly Thread | October 17 - 2022,1665957312
NFT Influencer Marketing: An Effortless Way to Garner Effective Reach!,1666254233
Crypto World App is The App You Need,1666654502
The new edition of the #Solana Lending Weekly is here! üî• All major news and stats of the Solana #lending ecosystem in one slide üëá,1665408356
I have a couple of extra ethers lying around,1666408676
"I had to reset Firefox, multiple SOL wallets?",1665901011
the mango hacker has issued a statement (OC),1665551870
"I unstaked Solana, but the validator says ""invalid""?",1665734479
Guide to Solana Blockchain,1666443873
Easy-to-Use Metaverse Builder,1666691519
Price prediction for SOL in 2025 ?,1665580203
"Tomorrow, together with our frens from Mean Finance we will have a visual walk through of the Everlend app üî•",1665577009
Mango Markets Insolvent,1665531085
is Solana will be killed by Aptos if yes then why if No then Why I'm noob in this ecosystem so explain me like that,1666375025
Is Solana substainable?,1666175316
Hello NFT investor I will love to know if you have NFT for sale Kindly hit me up if you have NFT for sale Why you need to sell NFT for me? 1. You will use less transaction fee 2. You will avoid creators fee And lots more,1665711937
Now it's the time!,1666472749
Do you go for an NFT or a dNFT? We give you some more info here to simplify the decision. üëáüèª NFT,1666018754
Toys R Us x Solana,1666095543
"Gothy Avatars, A 999 piece of unique Avatars collection is joining the NFT Space.",1665752201
Hurry up N buy,1666511052
I don‚Äôt think Solana gets enough credit for how much energy they save for every transactions vs competitors,1666535103
When will SOL deposits opens on Kucoin?,1665676857
Any help in getting Hubble and Kamino to appear in the Nansen Portfolio page would be appreciated!,1666091877
"Micro-Earning Site to Earn 60+ Altcoins (including SOL), &amp; Help Offer Hands-On Practice At Managing A Portfolio/Trading",1666000980
Quick &amp; easy purchase of $SOL using the StrikeX DeFi Wallet,1666308011
Help (Solana Stuck in Metamask Wallet),1665813232
"Solana is now integrated with Allbridge Core! Allbridge Core enables the cross-chain SWAPS between #Ethereum, #BNBChain, #Tron, and now #Solana.",1667316764
gm,1666787590
"I will give away 5 ETH in the comments randomly to everyone, 1 ETH each.",1667168806
Any experienced Solana techies in Amsterdam that want to participate on a panel nov 26th?,1667487161
SolBlaze partners with Jito to integrate MEV staking rewards into the BlazeStake pool! Here's how stakers and validators can get involved,1667253838
CLAIM SOLANA,1667644386
US Government Concerned - Financial Regulator Shortage due to Crypto Jobs,1666751294
What floors are we sweeping?,1666713680
How to get LIVE aggregated Solana data?,1666822101
"SquadsProtocol Introduces: Based Multisig, Immutable Version Of Squads V3",1667766491
Clash card Subscription Sale On PinkSale - 9th NOV 14:00 UTC- Play 2 Earn Game - Marketplace- SC/HC 101/197 - Massive Reward - NFTs utility - BlockSafu Audit,1667764057
Best tutorial for launching nft collection,1667653931
Which of the utilities within the blockchain do you find most exciting and promising?,1667303261
yolo update. sol. üê≥,1667692468
I had no idea that Changelly isn't really an exchange,1667496070
Question regarding post quantum crypto algorithms integration in Solana,1667145823
Can Solana really hit $1400,1667613898
"BlokHost will disrupt the flaws of the traditional web hosting space with blockchain technology. Watch this space, It's happening already.",1666778928
Star Atlas CEO Key Note in 5 Hours:,1667734482
Peacock Warrior Mint is live now...,1667487137
We Tried to Build a A Full Set Web 3 SDK,1667540282
Understanding why Proof of History is important.,1666706927
Step Data Insights: Product-First NFT Projects and Royalty Resistance,1667227222
DEGODS RAFFLE ON FAMOUSFOXES LAST 1 HOURS!!!!!!!,1667742007
zuck is handy,1667589398
Discussion,1667433275
Use this binance Halloween challenge link and win up to 300$ per person (not kidding),1666767905
"a gentle reminder - the best way to make money in crypto is to invest $50, $100 or $200 a week into a coin",1666979194
"New 6 week ""Solana Core"" developer course by Buildspace",1667613240
"Web-3.com Stands for Web3, Current Winning Bid: $5300",1666877168
Solana Co-Founder Says ‚ÄúWe Want To Synchronize the World at the Speed of Light‚Äù,1667759363
Want to earn in bear market? Do not miss Solar Dex token in your portfolio,1666809180
Solana: A Fast Analysis Of How The Blockchain Carried out In Q3 This 12 months,1667132721
Neo Films NFT Mint details announced:,1667221790
"Incursion is a story-based Dark Fantasy MMORPG || Powered by #PlaytoOwn #NFTs || #Nidarverse (a gamified, interoperable action-adventure metaverse).",1667434842
Anyone willing to buy breakpoint 2022 ticket,1666717395
The Cross-Chain Ambassador Program,1666727063
Introducing Liquid Self-Stake by Marinade,1666730646
"Incursion is a Dark Fantasy MMORPG, powered by #NFTs | Enter the lands between and explore the Nidarverse | A Gamified, Interoperable action-adventure Metaverse.",1666865449
"Lottery on Solana, says they will airdrop earliest users their ‚Äúreal-yield‚Äù token",1667251067
"GameGods is a Web3 platform &amp; India's very first exclusive NFT marketplace. Grab your free badges now. Checkout the website now, link in comment section",1667725625
Help! I cannot access Solana Tech Discord,1667049090
Solana Recaptures $30 Assist; Right here Is What To Anticipate Primarily based On This Indicator,1666961072
Anatoly says Firedancer upgrade coming end of year in new Coinage interview,1667328015
Collaboration,1666728343
NEW ASSET ADDED for EXCHANGE | Swap Star Atlas (ATLAS) on Solana web/desktop wallet,1667751613
DebtHeadsDao Project is going to mint in 8 days,1667220750
How can I contact the admin of the Solana Discord?,1667386855
Let‚Äôs get it redediting !,1667168134
Get Telegram Alerts for SOL staked with Socean and Marinade with Socean Bot!,1666704812
New account because Damp Blankets was a terrible name üòÇ,1666736172
SOL üöÄüòç,1667718164
wealthsimple staking,1666816759
Threshold for nonce,1667515960
"Twitter banned me permanently, still not gunna stop üëåüèºüìà",1666824402
Solana BreakPoint - Lisbon 2022 Is Now Live,1667646956
Hello everyone if you got NFTS for sell kindly hit me up,1666735715
Introducing the Validator Liquid Self-Stake Program,1666734720
Good wake up call for the community on the importance of Decentralization,1667406684
A Full Set Web 3 SDK: Making You Forget You Are Purchasing In a Dapp,1667538422
Everlend integrates Jet Protocol,1666969861
Friktion vs Katana: which options strategy platform do you prefer?,1667321886
"Incursion is a story-based Dark Fantasy NFT #Nidarverse Soon - A gamified, interoperable, action-adventure metaverse",1667599978
Different Wallet Address by Different Wallet Provider,1667699519
Attention talentless humans. Art Gobblers are now free to mint! 31.10 4.20 EDT,1667281087
Anyone looking at Aptos? Was looking around their NFT scene and found this,1666788539
ICYMI: DEC Raises $9M to Build Decentralized Uber Rival on Solana.,1667235553
launch of our #Paiverse OFFICIAL WEBSITE,1667058174
cur8d::04 // why are vampires bad at art?,1667272845
SOLANA NFT PROJECTS,1667654413
There are some juicy lending yield rates right now on Everlend! üëÄ,1667395441
Solana nft contract question,1666901183
Solend Randomly Reduces Pending Rewards Days before Claim,1667163120
Google Cloud Collaborates With Solana; SOL Price Surges,1667732032
"Solana security researcher, here. My security reports are shadow-banned on /r/solana.",1666964151
Drift Protocol announces NFT airdrop registration for early access to v2,1666719707
Circle to Bring Euro Coin and Cross-Chain Transfer Protocol to Solana in Early 2023,1667763324
Facebook and Instagram Roll Out Polygon NFT Creation and Solana Support,1667488760
Fragment NFTs program,1667324271
Launch need help,1666995719
Open Source Web 3 SDK,1667541743
APY Statistical Data - a tweet.,1667087559
Art Feedback?,1666717687
Extra Breakpoint 2022 ticket,1667086843
What are the limitations for 1KB solana domains,1667163307
Solana is killing it with NFT AMMs. Check out how you can earn yield from market making with your common NFTs with a growing number of two-sided NFT pools on Solana.,1667127434
Some latency testing of Solana RPC APIs Providers I did!,1667508496
"üî•PINKSALE PRESALE LIVEüî• Hello Apes, Your moment of salvation is here. As promised and foretold in the JigSaw Doge Bible (the ""whitepaper"" for you trapped mortals seeking your freedom, financial or otherwise), we are live on PinkSale! Now make your choice: BUY OR DIE!! Some presale rules to he",1667339921
Solana gambling,1666874560
Breakpoint Talks: Firedancer Overview 1,1667668786
"NFTs that Mutate?! They are Humans by day and Zombies by night, is this the first of it's kind?",1666980925
"Meet SpacesDAO - The World's First On-chain Retail | Now anyone, Anywhere, Can Build Their Own Solana Store.",1667654912
How-To Migrate BEP-20 project to SPL?,1667423761
#crypto everywhere! This is how Lisbon welcomed us! üòä A day from a validator life. Solana breakpoint coming soon! üòè,1667425252
How to take off Discord Roles of NFT holders when they left the server ?,1667503953
Aptos,1666732228
"Solana Struggles Beneath Key Resistance, Can Worth Flip $30 Into Help?",1666790410
How to Stake Sol on Marinade Finance and Synthetify to Earn 80% APY,1667596578
Huge News For Solana!,1667698168
Avoiding UpdatePhantom.com scam from mobile wallet?,1667734093
SOLANA Price Analysis [ Google and Crypto Mass Adoption? ],1667751413
DebtHeadDao nft project will soon be mint,1667225055
Nitro SVM Devnet Has Officially Been Deployed,1667506293
Sol,1667672246
The next crypto bankrun?,1667795011
How do Nft scammers know who to send the scam Nfts to,1666793766
Is there any alternative to Mango Markets on Solana to trade perps? or was mango basically the only one? Thank you and would appreciate any help.,1666835021
The new edition of the Solana lending weekly is here! üî•,1667225482
Weekly Thread | October 29 - 2022,1667178397
"Just a moment...We have some good news for those of you who want to enjoy the extremis NFT project: here you will find the sensational super powerful thriller! Each character is unique and can change history. Play, Build, Own, and Monetize your virtual experience.",1667617748
test,1667553123
The XOA Universe Collection: 4444,1666944969
I‚Äôm getting my dick kicked in like most of us. I had 10.057 SOL at top dollar 5/24/2022 I moved it out of CB and moved to ledger staked it at 9.255 after fees and holding some back Just opened up my wallet at some point I earned a whole coin.,1667696596
Solcial brings better advantages for content creators and social media users,1667490406
Multi-Mint function in a DAPP. URGENT!,1667007602
"Hey, hey - make #solanabreakpoint your getaway from Lisbon! üöÄ Great 1st day - Networking, decentralization and crypto! üôåüèº Stay tunned for 2morrow! üåú #solana #validator",1667609532
Swap token,1667668514
Protocol / Project/ dAPP for salary payment?,1667389366
How do can I register name and metadata for a token I created?,1667485296
Thoughts on Aptos??,1667245817
"Nebulanian, [11/4/2022 8:43 PM] TOKENOMICS: 20% initial sell tax reduced 5 % per week 10% claim tax 5% of node creation cost goes to development 15% treasury 75% goes in the reward pool",1667590602
EVERYTHING what you need to know about where Solana is now üëáüèº,1667687154
Ankr on How to optimize nodes üöÄ #SolanaBreakPoint,1667737070
Good Things Take Time,1667382994
Everlend integrates Dialect's notification services! üî•,1666703721
Good Morning Whales üêã,1667019467
Can Twitch's Co-Founder Rule Web3 Gaming?,1666898945
libssl-1_1-x64.dll was not found error,1666818614
How to connect my Phantom wallet with my Instagram account?,1667573952
Solana Validators Workshop - a Recap. How to become a good validator?,1667250008
[NEW]Astro Society Mint date official announcement! December 1st 2022,1667474665
What‚Äôs up with the sudden price jump?,1667662836
PRISM is now the most integrated aggregator on Solana - better rates than Raydium and Jupiter,1667718202
which NFT to buy? almost unlimited budget,1667417778
How to transfer usdc from phantom wallet to bank in India?,1667235384
"BoredSpace Presale Nov 6th - GET WHITELISTED NOW! The presale whitelist is opening up for BoredSpace- the first NFT Social Protocol for Web3 and the Metaverse! PRESALE NOV 6TH @ TBA UTC üîπNo Private Sale!!! üîπNFT &amp; SocialFi üîπShare2Earn üîπWorld Cup Fan System Make $EARN when you post articles, vi",1667733443
Joe Rogan discussing the future of Central Bank Digital Currencies with Tim Dillon,1666976389
Bought some SOL and staked some SOL,1667596384
Paiverse is on a mission,1666894501
Launching Proof of Talent,1666873384
SolPredict - Prediction Game,1667718315
Solana Foundation Games Day | #SolanaGamesDay,1667340071
Are you bullish??,1667551666
"What's your favorite Solana Project at the moment, and what are they building?",1667385738
How Do Phishing NFT Scammers Pick Sender Wallets?,1666736777
Solana Hacker House's Schedule During 2023,1667686671
Not Even Close: Why USDH is Completely Different,1666879205
"Teleport, A New Startup Raising $9 Million To Decentralize Ridesharing",1666963530
MOVE on Solana?,1667768064
"With a vicious pact, an ancient force of death is getting out of the eternal prison. The tarnished are returning to Nidar...",1666699911
What happened to Holaplex?,1667196012
Is there a STOCK Derivatives Marketplace or Exotic Options or a combination of both here in SOLANA currently existing or being built?,1667216728
Sol Staking NFT On Binance,1667406772
Solana Mobile Cannot access Saga Pass paid deposit with card,1667157268
Solana Validators Workshop - a Recap.,1667514512
Weekly Summary | October 28 - November 4 - 2022,1667581234
Who‚Äôs in Lisbon for Solana event? Let‚Äôs meet other fellow redditors!!,1667307101
Solana hater join the show....,1667214578
Killing Ethereum with the Co-Founder of Solana,1667317047
Psychodelic Vibe V1,1667714879
Solana's TPS has been doing pretty well recently,1666733880
Full house at Solana BreakPoint 2022 üöÄ,1667650816
End of Year prediction ? Who will control crypto markets ?,1666811290
Network Performance Report: October 2022,1667245758
üö®üö®Few more days OCT 30th The Hallowed mintü©∏,1666975263
Weekly Summary | October 21 - October 28 - 2022,1666978302
"Next generation DEX built on SafeCoin - Safely is holding an AMA on Nov 6, 2022, 6PM UTC (2PM EST)",1667417061
Metaplex Auction NFT theft exploit technical write-up.,1666795300
Google cloud collaboration with Solana?,1667662592
The nerds at /r/ethDev built an open source web tool that searches through all the web3 / crypto jobs online in real time.,1667375808
"GameGods is a Web3 social media &amp; networking platform and India's very first exclusive NFT marketplace. Checkout the website now, link in comment section",1667640963
#Bearish,1667750825
"As $SOL prepares for a recovery rally, there are several Solana-based projects that can gain from the uptrend.",1667395136
Market,1667319941
An Opensource Full Set SDK Solution to Building An NFT Marketplace,1667617301
Attention talentless humans. Art Gobblers are now free to mint! 31.10 4.20 EDT,1667252837
Your friendly validator - feature suggestions.,1667771672
Not Pussx üëÄ On Magic Eden üëÄ,1666743990
My Phantom wallet was hacked,1667755403
- First playable soccer+casino Gamefi P2E project - With World Cup betting system - Build with unity engine - 5 months of hardwork in developing - PVE with a ROI of 30 days - Win more cash prizes with seasonal PVP soccer league - OG casino games - Game beta version released - More Esport soccer leag,1666885330
Fractal is hosting a free-to-play $10k EV.IO Halloween Event right now,1666814536
twitter Ppl entering reddit be like,1666762172
Google Cloud Now a Solana Validator,1667710427
Auto-staking via Lido Finance is now live on Kamino Finance üî•,1666884774
"Binance NFT Marketplace Celebrates Halloween with ‚ÄúSpooktacular Scavenger Hunt‚Äù Mystery Box Collection and 10,000 BUSD in Rewards",1666858404
How do you choose a validator?,1667339971
Check out my latest video on which blockchain is better Avax or solana,1666851804
Only the ashes remain..,1666912231
ElusivPrivacy - Add Privacy To Your DApp With Just 5 Lines Of Code ü§Ø,1667767157
The XOA Universe Collection: 4444,1667032384
I came across this dope NFT Collection!! Check it out and lmk ur thoughts,1667243305
Solana Conference &amp; Party in Istanbul,1667274162
"What if there was a show like Last Week Tonight, but for crypto? Well, we made it. And we had Anatoly on!",1667401928
Solana to the moon!,1667675056
"Helium aka ""The people¬¥s network"" lol",1667475931
"Own a Piece of the Web3 Industry, Currently at: $5100",1666719149
The repository of metaplex is empty,1667255834
Thesis Survey USDT Gifted,1667464036
Firedancer - Building A New Validator Client For Solana In Order To Create A Better Network For Everyone,1667771049
"Meta just entered the Web3 space in a major way. Mainstream adoption is happening as we speak, slowly but surely.",1667443388
Minting debt effectively??,1666949921
Helium_mobile &amp; Solanamobile Are Partnering To Bring The World‚Äôs First Cryptocarrier To Saga Phones In The US,1667658156
"Reddit NFTs, Hasbro Monopoly, McDonalds? NFTs in big brand revival now?",1667087408
Instagram &amp; Facebook have integrated Support For Solana NFTs!,1667440757
Part 2 of a multi-part series on the Curve Wars and 4Pool drama (The growth of UST and its partnership with MIM in the lead-up to 4Pool) üì∞,1666712544
What NFT IS NOT FOR TOMORROW?,1667060273
"Solana still NR.1! EVERY project out there is still adjusting, and will keep adjusting untill rules and regulations are set in place. No matter the outages SOL is having, they are still Nr.1 and have a great future potential.",1667557999
DEGODS RAFFLE,1667739056
yolo update. solfather.,1667246698
A Full Set Web 3 SDK: Making You Forget You Are Purchasing In a Dapp,1667615153
Paiverse #Giveaway,1667146214
Solcial's Freedom of Usage,1667646646
https://twitter.com/IncursionGameFi/status/1586764319278084096?s=20&amp;t=5Gc64sKDNokRBvq0-hIOcg,1667261800
"Helium, NOT the ""People¬¥s network""",1667311905
What do developers think about Solana?,1666792256
Thoughts or Feedback on a Solana Synthetic Real Estate Protocol Parcl?,1667328811
"What is GameGods? its an Web3 social media &amp; networking platform. Checkout the website, link in comment section",1667551828
"So, the Porsche nft Public Free Mint has begun.. Another example of boomer brands trying to stay relevant - Ill pass, but it does show how huge NFTs have become.",1667766066
SOL Charts Look Bearish Following 9+% Price Drop In 24 Hours,1667808220
Question about Solana smart contracts,1667214483
Art Feedback?,1666717656
"Build your Solana project with talent you can trust using Freeflow. Get connected with a network of vetted, secure, blockchain developers to ensure your next launch is smooth and safe!",1666896690
DeGODS RAFFLE 1 Hours!! LFG!!!!!!!!!!,1667744556
Space Falcon - Shooter Blockchain Game for Solana,1667243086
"Incursion is a story-based Dark Fantasy MMORPG || Powered by #PlaytoOwn #NFTs || #Nidarverse (a gamified, interoperable action-adventure metaverse).",1667350190
PRISM swap aggregator now takes zero fees,1667713617
We Built An Opensource Full Set Web 3 SDK,1667660153
Weekly Shame List,1667782673
I transfer my solana coins last night around 9 pm they still didn‚Äôt arrive,1667739712
Firedancer questions,1667760619
A Web3 platform to receive crypto donations/tips,1666909489
Freeflow Web3 Project Trends Report for October 2022,1667481256
SOL or BTC purchase,1667447761
Solana (SOL) Continues To Lag In Worth; SOL Should Do This One Factor To Rally,1667658757
yolo update. üê≥,1667331590
2500 Not Pussx dancing on Solana Blockchain üëÄ,1666767872
This Web3 Domain Will Sell For Six-Figures in The Next Bull Market!,1667515876
Welcome to #SolanaBreakpoint It is ON for a great start! üöÄ #follow us for more!,1667569563
"Forget NFTs, Now You Can OWN WEB-3.com",1666809384
Staking help,1667415290
NFT Gaming: Points That Could Change the Future of Web3!,1666781539
Can I restore a sol wallet using my seed from ledger and then have access to my sol ??,1667677259
What are the best protocols on Solana without a token?,1667313956
Imagine getting scammed the first day,1667367543
APY Statistical Data - a thread.,1667087665
Big Anatoly Interview coming with Coinage,1667143466
APTOS TO $100,1667239235
Kryptowaluty dla poczƒÖtkujƒÖcych - jak zaczƒÖƒá? Poradnik,1666708662
Everstake's Interview with Solana Summercamp winners!,1666712788
Managed to get some mSol with this dip - now what?,1667946319
Waiting,1668041457
I bought 5000 Solana,1668092035
Google Cloud operates an audit node on the Solana blockchain‚Ä¶ what does that mean?,1667914729
Some exchanges are not allowing to make an advance order for SOL any less than $3.5. That‚Äôs so weird,1668013873
Solana to the moooon üöÄüöÄüöÄüöÄ,1668026846
SOL Short Squeeze is what we need right now #SOLShortSqueeze,1668087661
Is Alameda Research Insolvent?,1668038154
By far the best write up of the Mango Markets exploit (that I‚Äôve seen so far),1667837091
Solana/ reached 500 solana today! What are your thoughts on the future of Solana?,1668103518
i had 10 buy order for 10 sol at 31$29$28$ down until 21$,1667968828
Weekly Thread | November 8- 2022,1667932071
7min remaining goodbye and thanks for all the failed transactions,1668068800
Bitboy Crypto... You Ruined My Life,1668029176
Any Solana Developer Dicord or Telegram rcommendations?,1667989365
WHICH PROJECTS DESERVE A HIGHER FLOOR PRICE THAN WHAT THEY ARE CURRENTLY AT?,1667899046
funny üòú,1667843377
Solana drops out of top 10,1668005191
Hate.,1668109365
Metamask trading bot 2023,1668065091
Neon EVM Set To Go Live On Mainnet: Welcome To A New Era Of Ethereum Scalability On Solana,1667828434
Solana Lab's funds are not on FTX,1668007364
1-800-273-TALK (8255) USA Suicide hotline,1668030817
Does FTX/Alameda really own 10% of the SOL supply??,1667965089
i am going all in on solana.,1668028225
"Why do you think Solana Web3 builders especially, prefer to host their websites on the centralised servers rather than hosting dApps?",1667903315
There might be a Pump soon. Are you filling your bags with SOLANA.,1667886309
Circle To Introduce Euro Coin and Cross-chain Transfer Protocol to Solana in 2023,1667836294
Things are bad but on the bright side the roster of incredible Solana NFT projects coming up is elite.,1667900413
We are closer to 1 dollar then 200.,1667975721
SOLANA SPL TOKEN BURN ADDRESS,1667876632
How to get number of wallets holding a particular SPL token?,1667828769
Don't be against CHINA.,1667983726
If you wanna leave now is the time to do so,1667961414
Flashloan Arbitrage Tutorial UPDATED - How To Earn 100+ BNB FREE With Just 0.15 BNB (FlashloanAttack),1668003812
You can help me grow the ecosystem - Target on boarding 25K users to Solana,1667839657
Tutorial: Calculate transactions per second for Solana with Rust,1667862079
How bad will it get?,1668029464
"Ok everyone, price predictions for 3 hours from now when the dump happens:",1668058265
So will FTX dump?,1668056267
Locked staking,1667997660
"SOLANA IS THE FUTURE, NEVER FORGET.",1667899577
Great SOL YouTube vid by InvestAnswers from 11/6/22,1667820463
"James is bullish; lots of improvements for the chain, and still faster and cheaper then eth.",1668038326
Unstaking postponed?,1668058744
knock knock,1667956962
Is everyone OK?,1667976271
Lost too much money to sell now tbh lol,1667991074
what will of usdc ?,1668005845
F,1668019693
Thoughts shared about SBF from a credible source.,1668052329
What‚Äôs happening with solana,1667932959
I don't care about price right now. Have you guys have problems with the chain? Want to hear technical problems.,1667972266
SOL at $20! How many SOLs should you have at this time?,1667972927
Come Join us in Solcial,1667910668
What's your next move?,1668051519
Vitalik is showing support to Solana,1668084373
"Where can I found the list of entity who fund the ecosystem, + track record of previous product / project financing and ecosystem grants ?",1668106107
The boy who cried bottom,1667856603
Free Star Atlas Comic Series on iTunes:,1667956620
RIP Solana. Come to Matic guys. it is over for shitlana,1667936379
Portals is one of Solana's Top OG Metaverse Projects that keep getting better,1667907766
Solana $ prediction,1668019310
Is this really the end guys?,1667981929
Im 53% down on my investment. Average is $33. Should i sell now and buy back in at a lower price or hodl and average down,1668051856
A friendly reminder to never trust a crypto influencer,1667983490
Who is going to stay behind with me and play the violin while the USS Solana Sinks? I‚Äôm going to ride to zero at this point as I average 178.xx per coin,1668030151
I hear a lot of bullshit about Solana let's put it straight,1668062234
This is the best coin you can have its the cheapest and fastest to move around i mean to me its priceless..,1668049900
Solana Tokens worth almost $1 billion to be released by Thursday!,1668052156
Star Atlas Keynote Speech From Breakpoint:,1667849166
Solana competing with aptos,1667986709
i am going all in on solana.,1668028320
"48 mil unlocked stake is currently deactivating, take note",1668000388
Do you invest in Solana due to your faith in the NFT market? How much of your confidence in SOL is correlated to a bullish outlook for NFTs?,1667973219
Get down! Get down! I am moving all around!,1668021550
FTX Solana Wallets,1667866500
Fuck,1667945024
solana $10?,1668095797
Raffling a Mythic Background Degod on FFF,1667858680
funnyüòú,1667845534
Was Solana a bad investment? (No trolling),1668043299
How to stake SOL the right way (7% to 8% APY),1667970972
"Mass ""Unstake-tion‚Äù event on the horizon? What happens if you leave SOL staked?",1668025314
With big folks unstaking will the overall staking apy rise ?,1668030361
So what's the new reason Solana crypto boys are taking it in the ass again?,1667884592
I hope everyone sells!,1668018497
I think worst is mostly over.,1668053299
Should I be worried about my on chain tokens that aren‚Äôt SOL?,1668030808
Can Solana Recover? Full Technical Analysis,1668051411
Binance not buying FTX,1668028791
DO YOU STILL TRUST NFTs?,1668081816
Your tought?,1668000543
did anyone else noticed this? - I only use webull for alerts.,1668053566
"Hey guys, it is start of an entirely new season for social media users. The Solcial social media is now live on the solana mainnet, my journey as a content creator has been smooth so far. I get to monetize using my own personal tokens and I pretty sure of no-more bans and de-platforming.",1668106928
Should we help crashed people?,1667981366
"SOL to get more decentralised, now after Alameda is gone?",1668084191
What news made SOL drop in price?,1667983336
Be trading - educated ! Solana price prediction,1668067594
The great unstaking,1668100140
Staking Solana,1667969226
can someone tell me a list of all the drag and drop metaverse builder tools currently available in the market?,1667978685
What‚Äôs going on?,1667860517
How to stake SOL the right way (7% to 8% APY),1667971157
Crypto currency,1667902627
Falling too fast,1667979738
Everyone here thinks solana is now dead. Why?,1668042808
Sol will come back stronger than ever!,1668075280
FYI - All SOL projects can be bridged to and from SafeCoin,1668016289
Worst timing ever. I‚Äôll just leave one of the worst spells of bad luck in financial history. Sell pressure cut in half.,1668033540
Is that all over for Solano then?,1667978024
SOLANA CRYPTO price prediction 2022 - Will it dump ?,1668096803
CZ Said:,1667949529
My wife is going to divorce me,1668007164
Sentre integrates Everlend,1668006983
why is solana droppre more than others,1667950198
WHAT ARE WE BUYING TODAY?,1668081225
"Hi. Now using a decentralized wallet, such as (Trust wallet) to participate in defi mining, the maximum annualized income is 535%, the daily income is about 1.5%, and the income can be withdrawn at any time. There is even a chance to get airdrop rewards of up to 10,000 USDT. Add customer service wha",1668025874
Invest Answers the Legend,1667939597
SOL transfer failed,1667920285
How do you identify spam links,1667935430
Seems a Good Time to Post this Again: What is Dead May Never Die,1667981887
Exchanging Sol to USDC on Raydium. What blockchain is the USDC?,1667845008
Testing 1 2 3 my first post,1667912497
Solans down 30+%,1668000034
Flashloan Arbitrage Tutorial UPDATED - How To Earn 100+ BNB FREE With Just 0.15 BNB (FlashloanAttack),1668002776
Who was lucky enough to sell on time?,1668021676
Welp. It's over. Binance pulls out.,1668029088
SOL short-sell = win,1668081370
CPI report came out and inflation eased to 7.7%. üöÄüöÄüöÄ,1668087781
Knock knock,1667957162
I saw a user from Cardano post something shitty. I'm sorry for that. I know you guys are experiencing a bunch of pain right now. If you are looking for greener pastures here's a handy video on setting up a Nami wallet for Cardano. I'm happy to answer any questions I can. GL.,1668034265
"When 53,629,399 SOL will be unstaked, OKX will ""upgrade their trading account system"" right at the same time. Coincidence? I DONT THINK SO.",1668013762
Stop investing into projects you don't believe in...,1668099126
Will we still get the solana phone?,1668019445
$164.73 ‚Ä¶.. my timing is impeccable,1668053338
October 16 - 31 at Solana Ecosystem,1668008774
What would be the future of sol,1668053357
"Hi everyone. I‚Äôm interested in staking. Can someone plz explain the risks of slashing. I‚Äôm on a very safe trading agency, but is it still a concern?",1668112220
"I think back from summer and realize we've lost a lot of Degens along the way. Some accounts I don't see anymore... perhaps capitulated &amp; forever touching grass back in the matrix. If you still here grinding and building, you definitely GMI üì∑",1667899873
How much lower before we see Zuck buy out Solana for Meta?,1668057987
Is it still worth holding right now?,1667885572
"At noon on 9/11, a Solana whale was reported to be awaiting liquidation of more than $50 million.",1667983758
Volume = Market Cap,1668010750
Jito Labs is still full steam ahead,1668036572
Falling knife I tell you‚Ä¶,1668020102
SOL vs stSOL,1668045037
Most underrated builders on Solana ?,1667898060
"Bitcoin drop below $20,000‚Ä¶ here‚Äôs why!",1667919180
Clash card Subscription Sale On PinkSale - 9th NOV 14:00 UTC- 1 hours to Go Live - Marketplace- SC/HC 101/197 - Massive Reward - NFTs utility - BlockSafu Audit,1668000449
ANY SOL NFTs ACTUALLY WORTH BUYING RIGHT NOW?,1668081068
MOST UNDERRATED BUILDERS ON SOLANA?,1667898939
Can someone give me the tldr on FTX‚Äôs effects on Sol? Hard to keep up with everything this week ‚Ä¶,1668047683
is there any bug on the network ?,1667915896
What‚Äôs your view on Solana‚Äôs future?,1667930818
When do you think it will hit $100 again? March?,1668039897
Solana on a R.I.P.,1667982801
Solana October Timeline,1667853860
What is Dead may Never Die,1667982167
"Incursion is a story based dark-fantasy NFT. #Nidarverse soon - A gamified, interoperable, action-adventure metaverse.",1668037820
Context for the large amount of unstaking Sol,1668037569
How to unwrap WBTC Sollet to Bitcoin network?,1667811284
Nerves gage been settled.,1668108630
Which project do you think has the most utility and best exhibition at the just concluded BreakPoint Lisbon 2022?,1667903451
Is this legit?,1667969658
SOL analysis (Sol searching NOW),1668004002
"When the stake deactivates, is there any chance the coin won‚Äôt actually drop much?",1668042530
Buy or die?,1668049501
After this we need a rebranding,1668073503
$SOL DOWN 20% IS THE SCARIEST SHIT I'VE SEEN IN A MINUTE,1667899300
Unverified: Solana to get rekt,1668049713
Why is sol so cheap rn? Is it to do with ftx?,1668078042
Question about sending USDC to Ledger via Solana network,1667874999
What doesn‚Äôt kill you will make you stronger üí™üí™üí™,1668030736
Can someone let me know if this is true or fud?,1668000696
You probably shouldn't stake on Binance or FTX unless you want Solana to become very centralized,1667926808
Breaking news: Google Investing $10B in Solana.,1667990656
Free Star Atlas Comic Book:,1667957444
"So what if SOL goes to zero, the price is irrelevant. The most important thing is that we're a community of builders. who's with me?!",1668030368
18 million predicted to be dump?,1667984514
did hubble protocol freeze accounts for solana loans ??,1668025774
Is it the end?,1668043033
Is Solana dying? $sol,1668083198
FTX Token ( FTT ) is too centralized. Risky for investors.,1667896742
I feel a shift. Solana going up?,1668022377
From the Cardano community to the Sol community,1668024635
The new edition of the Solana Lending Weekly,1667837547
How to unwrap sollet BTC without FTX?,1667961844
I am new. Convince me why Solana is worth it,1668032663
What is Solana's role?,1668099708
When will you guys start buying solana? I bought the top but I believe in the project. Thinking of buying a lot soon!,1668015505
I told it the whole time!,1668025005
Metaplex Launches Solution to Enforce NFT Royalties on Solana on-chain,1667902511
"If as a web3 builder, you're privy to build a very secured website at almost zero cost on a decentralised web server like blok.host, would you rather host on it, or you'll prefer Centralised web Hosting?",1668082401
"Hi everyone. I‚Äôm pretty new to holding Solana. Last nights drop was scary but I held. I‚Äôve read lots of articles, but they all give me different answers. What would you say is a realistic price point Solana could be at in 1 month, 6 months, 1 year, 5 years?",1667926106
"Anyone here unfazed by the crash and or who wasn‚Äôt sold/un-staked and done this, seen this before where this is just another crazy day and comes 2025 we will laugh at it?",1668058412
Star Atlas Development Video From Keynote:,1667849092
Great positive thread on Solana by Chris Burniske (for those who need it ),1668036692
Carmaker Porsche NFT public/free Ethereum mint now live. 1000 hand drawn sketches with tangible benefits for Porsche owners. Interesting at least.,1667933817
Holy fucking shit down 20% in less than 1 hour‚Ä¶,1667930851
"Unstake Update: 28.5 million SOL have canceled their epoch 370 unstake, lowering total unstake volume to 29 million",1668034826
Predictions after this jump to 18$ after dropping down to 14$?,1668098002
The Graph Now Supports Solana - Easily Access Historical Solana Data With The Power Of Substreams,1667818863
So did the unstaking happening?,1668075894
"can we petition to sue Solana, ftx, and others",1668069123
‚ò∫Ô∏è,1668095249
What can the devs do right now to stop the down trend?? Constructive thoughts only.,1668019722
"So, this is the CEO of Alameda Research....",1667987764
Ledger Partnering With Solanamobile To Build An Easy-to-use And Secure Web3 Experience For Solana Mobile Users,1667831296
Solana being shady AF,1668110195
BIP49 derived public key?,1668086935
Solana Whitepaper Explained,1668008372
Solana Prediction,1668018916
SOL PLEASE,1667899795
Love watching Solana going down,1667983416
"1 SOL IS 1 SOL SIMPLE, BUT NEEDED REMINDER",1667900130
Signing up on Solcial,1667868704
So will this (29M SOL) be unlocked in a few hours or not?,1668052726
Solana transfer fail,1667918889
"Solana Labs, A US Corp, Didn‚Äôt Have Any Assets On FTX Exchange",1668066933
"Moving wrapped SOL from Coinbase Wallet to Phantom, etc. Troubleshooting",1667938305
Potential purpose of unlocking Sol,1668046479
how much did y'all lose in solana or cryptos,1668058456
Why is nobody bullish on SOL?,1667939215
Google Cloud Announces It's Now A Solana Validator; Announcement Sends SOL Price Up By 15%,1667833483
Solana what is next,1667984193
Solana Price Prediction Once Epoch 370 Ends,1668019412
Unbelievable. Im just shocked at the timing,1668031921
Uh... are we broke?,1667878301
$FTT one week price?,1667912688
IS SOL DEAD?,1668081930
Why do these crypto Millionaires and Billionaires fuck up?,1668064222
"Wait, it has dropped to 28mil now. So this unstaking event doesn‚Äôt get as big as expected?",1668030361
Wagie life 4ever,1668025610
I can just cry. Never expected this.,1668056304
"Hi, I am looking forward to building a metaverse how should I proceed further?",1667978813
What's your Preference? Centralised Web Hosting Or Decentralised Web Hosting?,1668082459
"What are the odds Solana will hit single digits, and if so can it recover? Are we thinking years for Solana to recover?",1668010455
Look at the 30m de-staking Epoch to get a window into what's about to happen.,1668014125
"Afaik, the FTX fiasco only affects SOL's price, not the actual viability of the blockchain. What's with the doomers? Am I missing something?",1668053382
A gm thread from Toly,1668004226
Solanabros‚Ä¶. Not like this,1668017073
Thoughts on SBF??,1668021281
HELP Unstaking Msol from Solflare,1668047871
"Incursion is a story-based Dark Fantasy NFT #Nidarverse Soon - A gamified, interoperable, action-adventure metaverse",1667816879
Short Squeeze is Coming,1668035824
Future of SOL,1668035513
how to make money in crypto even in a bear market,1667857177
Right time to buy under 20$,1668101017
System broken,1668331685
why they stop to unlocked rest of Sol which has to be unlocked is it not kind of centralised control?,1668250195
Has the mass Solana being unstaked happened yet?,1668576078
What will happen with the SOL from Alameda?,1668366241
TODAY: Hubble Protocol and Kamino Finance TOWN HALL at 3 PM UTC,1668597712
Another reminder to be very wary about centralized exchanges right now (i.e. Crypto.com),1668316704
Release?,1668125664
OpenSerum Update | Community Fork,1668409783
"Weekly Discussion | Nov 14, 2022",1668487062
What are Web3 terms? Register on GameGods and win free NFTs. Link provided in comment section,1668411734
FTX Hack Sparks Revolution at Serum DEX as Solana Devs Plot Alameda's Ouster,1668311787
pretty sure there's someone utilizing workarounds to cause transactions to fail by way of Francium protocol,1668527149
"I bought some Wormhole PAXG (Paxos Gold), and the only liquid market of that token was in serum.",1668553558
Question on Sol Future,1668273977
Is sollet wallet safe,1668245810
Solana next to‚Ä¶,1668440900
Get off of Crypto.com as well,1668190125
Banned if u say any truth about sol üòÇ,1668442820
Where is the sol army ?,1668589609
Buy now OR regret later,1668116623
Solana current Nakamoto coefficient is actually 2. This needs to improve.,1668379809
Wealthsimple staking,1668269989
Could Sol still get to 1000 in 5 years ?,1668477373
"What are some NFT projects that deserve some love and support? Check out Phantom's Twitter contest and help celebrate Solana's great art, creators, and communities together. ü§ù",1668113125
Porsche NFT Public Mint,1668309356
Crypto Lottery,1668358532
"Weekly Discussion | November 14, 2022",1668486605
Looks like Kevin Bowers was shipping Firedancer code this morning,1668292625
‚ÄéNFT and Chill: FTX and the Difference Between CeFi vs DeFi on Apple Podcasts,1668545778
Is FTX US fine? Is it totally separate from the mess happening at FTX International?,1668360476
why does you logo has so many similarities with FTX's logo?,1668411233
Rumors About ProjectSerum - Head of BD + DeFi @Solana Labs Reply,1668209336
My sol and crypto brothers CRYPTO.COM might be next take your funds out of that platform before it‚Äôs too late,1668267763
AIRDROP,1668162115
'Unable to send' NFT from phantom wallet,1668498661
110 sol for 80 usd,1668550833
ÔªøViasyl - Control your crypto investments in one place - Buy With Credit Card - Strong Community &amp; Marketing - Launching Now.,1668409343
Buying all your bags for $13 a piece,1668417351
Nothing has changed. Solana is Solana,1668122565
Is $SRM dead? Guys I have a shit ton of them farming on raydium together with $RAY sigh,1668223656
Why Crypto is a Dead Investment,1668215075
"Ellipsis Labs announced an upcoming devnet for what it claims to be the first on-chain limit order book DEX built on Solana, Phoenix.",1668521425
Have you been buying the blood? Or Are you waiting for more blood? ü©∏ü©∏,1668609515
Tokenomics question,1668344265
Is there any chance here of phantom or solflare taking a dive?,1668204029
What‚Äôs going on to Serum?,1668475204
"Do not login to FTX, malware possible",1668226855
Good tweet about sol considering what's going on right now.,1668350738
ÔªøViasyl - Control your crypto investments in one place - Buy With Credit Card - Strong Community &amp; Marketing - Launching Now.,1668409080
New NFT card game,1668277579
Getting Closer: The Mobile Era Of Web3 With Saga And Solana Mobile Stack,1668172810
I find it funny this is the only cripto sub that let's haters and trolls posts BS and lies.,1668114542
What is happening with the existing SRM token now that they forked it?,1668392412
Why not us?,1668472303
What's your opinion on this take ? It's D-Man from Blockchain whispers I like him but I like SOL too. Is he right or wrong ?,1668451288
"Why is Anatoly so quite, what‚Äôs his take and what exchange of messages did he have with SBF recently?",1668326902
SOLANA is a Scam? Pattern You Don't Want to See,1668512671
what exchange are you guys using to buy solana now that ftx drama happened?,1668186116
An AI-powered economy for low-liquidity commerce on Solana brought to you by NeoSwap,1668596671
Do you think I'll get these filled?,1668634234
Did serum fork?,1668548335
"If you don't believe in the tech, sell me all your coins!",1668364313
Can‚Äôt send Sol to exchanges,1668520500
Is Solana in the process of completely collapsing given Serum is collapsed?,1668627614
G O O D M O R N I N G L E G E N D S ü´°,1668162709
"So, the Porsche NFT public/free Ethereum mint now live. ""1000 hand drawn sketches with tangible benefits for Porsche owners "". Well, cool I guess; I minted an ugly boxster, anyone get a 959?",1668209515
Staking with trust wallet?,1668465292
Buying!,1668481848
WHAT'S A RUG?,1668162264
Whats happening with $USDC-&gt; $USDT on solana? https://lightecho.io/?from_asset=USDC&amp;to_asset=USDT,1668333688
"Ellipsis Labs announced an upcoming devnet for what it claims to be the first on-chain limit order book DEX built on Solana, Phoenix.",1668521564
"ftx, doj, biden ,scam, sbf.",1668266437
115 SOL coins for $76,1668440795
So much lana,1668519061
Governance,1668455437
so now what??,1668494625
Anyone thoughts on FTX bankruptcy?,1668189559
Solana based DeFi yield platform Texture has raised $5 million in a round co-led by P2P Capital and Sino Global. Their private beta is now live.,1668453017
ORCA,1668513536
lets bring attention to the fact that the network was stress tested with this event.,1668115913
Phantom staking rewards,1668619899
Some updates of the week,1668461430
SOLANA MILLIONS OF COINS ARE ENTERING THE MARKET THESE DAYS? WILL THE PR...,1668176941
"Solana yield manager Texture raises 5 million, enters private beta",1668453231
Does anyone have the wallet addresses for FTX?,1668569717
Are Wallets Entering the 'Browser Wars' Era? - Ep 75,1668532788
An AI-powered economy for low-liquidity commerce on Solana brought to you by NeoSwap,1668600913
AIRDROP SAFETY/SECURITY MEASURES,1668162967
Inflation,1668449520
"cult dao the future of defi. read the manifesto.. scan the below qr code t mo get the manifesto. In the world full of CEFI scams, this will power the future of crypto with its true decentralization. it is still under 25 MC Market cap and this is like buyijg bitcoin at 1$.. dont miss the chance.",1668230720
Is it good time to get avg. down or need to wait more? My avg. $103. I know we are not talking about price things here but I just need ideas.,1668314913
"CZ is in talks to "" reduce further cascading negative effects of FTX, Binance is forming an industry recovery fund, to help projects who are otherwise strong, but in a liquidity crisis."" Solana fits this description. Anyone from here plan to join and ask about him assisting Solana? Link here.",1668425228
Did anyone else buy in this dip?,1668209410
"UPLOAD NFT OPENSEA , BINANCE BYPASS 2CAPTCHA",1668236814
"Can we move ""Is the price going to do X?"" conversations to a daily thread?",1668438554
WrappedBTC (Sollet),1668259483
"Learn with GameGods. What are Web3 terms? For more updates, download the GameGods app. Link is provided in comment section",1668592662
Would you still have Confidence in the Ecosystem if you are sure of a Project that is building an Insane product that'll change the future of decentralisation Like BlokHost?,1668519269
Epoch 370 end date?,1668272568
Solana Name Service / Ledger Nano X,1668294162
Is there an airdrop for open serum?,1668621347
THOSE WHO KEEP GRINDING AND LEARNING.,1668599983
What is GameGods NFT ?Register on GameGods to get more updates. Link is provided in comment section,1668427831
Blockchain theoretical use vs current world applications,1668584160
I haven't received my staking rewards for staking on ledger...should I deactivate the staking??,1668125490
How it feels to trade #crypto when #FTX went jnsolvent. #SBF #viral #lol,1668370309
Get funds out of FTX US as well if you haven't,1668141474
Is Solana blockchain centralized?,1668196761
Hmm...,1668238103
I Wonder who Made Money on the FTX Trades,1668121163
Why does r/CryptoCurrency hates on SOL so much ?,1668186811
Official Solana Ecosystem updates page regarding the ongoing FTX situation,1668405037
"WHAT WOULD YOU BUY WITH $10,000 RN?",1668162507
Anyone else super excited to be accumulating at these levels?,1668127112
Millions of $$$ are getting drained out of FTX delete the app immediately,1668228834
Solana,1668142494
ÔªøWokz Exchange - Decentralized Exchange Powered by Zero-Knowledge Technology - Smart Staking Featured - Utility in place - Verified Contract.,1668367014
Is SOL staking still worth it?,1668569503
NFT Ecosystem Visualizer,1668571599
"FTT token still selling for over $8.50 on some DEX , any way to make money with this?",1668665548
Step Data Insights: GenesysGo Ecosystem Overview,1668192472
Jak znale≈∫ƒá NFT na Binance NFT Marketplace?,1668593200
You can still withdraw Sol from FTX US. They just filed for Bankruptcy,1668180801
Hubble / Kamino Town Hall kicking off now üéôÔ∏è,1668611093
FLASHLOAN ATTACK HOW TO EARN BNB BSC USING Flash loan ARBITRAGE,1668242999
CZ hand in solana,1668360462
Solana,1668398433
üóºüóºSolana Target Price : 32 $ üöÄüöÄüöÄ,1668237141
Take a look at top 5 P2E games of this week. Register on GameGods to get more updates. Link is provided in comment section,1668421049
Solana based DeFi yield platform Texture has raised $5 million in a round co-led by P2P Capital and Sino Global. Their private beta is now live.,1668453634
SOLANA IS AMAZING,1668482140
Solana based DeFi yield platform Texture has raised $5 million in a round co-led by P2P Capital and Sino Global. Their private beta is now live.Solana based DeFi yield platform Texture has raised $5 million in a round co-led by P2P Capital and Sino Global. Their private beta is now live.,1668453581
BreakPoint Recap &amp; Major News Released During The Event,1668252567
'The King is dead': Inside the fall of FTX,1668347898
'Unable to send' NFT from Phantom wallet,1668498529
"Hey, i have trust wallet, and got 400$ worth of solana, its going down, can i buy more for future profit? I dont know anything about crypto sorry.",1668332677
"so, this the Solana Labs HQ....",1668357190
Crypto.com defi wallet / staking options,1668216534
Possible trick to get funds out of FTX US right now,1668132157
A billion dollars set to be unlocked in twenty four hours! What does this mean?,1668216438
Bridging wrapped Solana from Polygon to Solana,1668185986
Wine connect,1668376552
Get a reward by raising your feedback!!!,1668497995
What price are you planning to buy at?,1668250126
"Take look at top P2E games. For more updates, download the GameGods app. Link is provided in description",1668585871
Dear Solana Holders!,1668461410
what's this about?,1668127669
WTF Is Going On In Web3? - Mint One 44,1668215228
Buying SolBTC,1668270216
Solana Areas To Add 10 New Web3 Bodily Shops,1668285504
"Cryptocurrency prices today: Check rates of Bitcoin, Ethereum, Dogecoin, Solana",1668581849
ÔªøViasyl - Control your crypto investments in one place - Buy With Credit Card - Strong Community &amp; Marketing - Launching Now.,1668416986
FTX impacts vs BTC decline,1668552793
No need to be so worried about Solana,1668287054
ÔªøViasyl - Control your crypto investments in one place - Buy With Credit Card - Strong Community &amp; Marketing - Launching Now.,1668416037
"Last week was a horrible one for the whole Solana ecosystem and lending has been impacted quite significantly by the FTX drama as well. Nevertheless, keep calm and never stop buidling.",1668440693
DeFi yield platform Texture has raised 5 million USD in a round co-led by P2P Capital and Sino Global. Their private beta is now live.,1668453447
Can someone explain this bandwidth/latency comment by Elon?,1668456988
The Crypto King is dead. Long live the King!,1668128851
Concerned Low YouTube Views From Breakpoint,1668466169
"Don't get discouraged. As a Sol fan, you should celebrate the fall of FTX. Let us explain",1668454758
Star Atlas Impact From FTX:,1668217021
SOL Staking in Binance,1668222150
Excited to share we‚Äôve added nearly 300 NFTs from some incredible projects in the Solana community to the Phantom Vault.,1668477817
Is raydium alive?,1668131194
iM jUsT goNnA wAiT uNTiL $SOL hiTS $2,1668412999
"""Free-to-mint NFT collection from luxury carmaker Porsche sees flurry of interest, despite crypto market chaos."" ""The adoption of NFTs is an unstoppable force"" - Bloomberg",1668530918
"After what happened to FTX, What exchanges would you rather stay away from",1668535927
Weekly Summary | November 4 - November 11 - 2022,1668184766
Wokz Exchange - Decentralized Exchange Powered by Zero-Knowledge Technology - Smart Staking Featured - Utility in place - Verified Contract.,1668349219
Solana developers at FTXs office compound,1668288018
Solana has established itself as the most adaptable and scalable solution for the growth of NFT markets.üôå Let's see why is the Solana Blockchain Suitable for NFT Marketplace Development.üëá,1668444827
Don‚Äôt worry - ETH dumped in past also around 90%. Give time to recover! Buy the Dip üòÑ,1668334652
FNG,1668565076
What do you do with your SOL?,1668197567
Did you know?,1668156124
Can't Withdraw from Tulip Garden,1668234782
"After FTX, is this the next kingpin to fall?",1668437941
TESTNET AIRDROP UPDATE,1668611149
Bali Fintech CZ-Binance,1668363527
"So what‚Äôs happening with the Solana testnet. It seems operational, but each time I try to send tokens it won‚Äôt send.",1668180383
""" IN SOLANA WE TRUST"" Time to support True Builders in Solana Ecosystem! Please support us as we keep on building in this cold bear run! #KeepBuilding",1668500625
115 SOL coins for $76,1668440863
Do NOT access anything from FTX,1668233355
Buy or wait for a bigger dip?,1668437633
is still solana good investment in long term?,1668136436
My thought on Solana's future,1668463842
Solana Discloses Losses From FTX Collapse - The Defiant,1668518959
And he wants to donate it all to charity! Charity being the Democratic Party.,1668530570
How safe is Staking?,1668601772
Best Place to stake sol after recent events,1668541422
Are you still optimistic about the future of Decentralisation?,1668519247
let gooo we are the best,1668432916
"Hot Take: ‚ÄúThe Cove‚Äù is a better Solana podcast, than ‚ÄúThe Solana Podcast‚Äù‚Ä¶",1668471725
Solana NFT Marketplace for the Community,1668242649
"Solana Ecosystem Updates ‚Äì November 12, 2022",1668367196
Crypto For the homeless - 11-11-2022 - How Crypto enabled us to feed over 6000 homeless internationally,1668191549
Wokz Exchange - Decentralized Exchange Powered by Zero-Knowledge Technology - Smart Staking Featured - Utility in place - Verified Contract.,1668351283
"What Utility would you expect from a project you have high hopes for, and how to you build trust for their execution Plan, especially decentralised web hosting servers like BlokHost?",1668519059
Looks like we‚Äôre back to moon üöÄüöÄüöÄ,1668133404
is it a good time to buy solana ?,1668169855
what are your expectations for the price of RAY in the next bull run?,1668226976
Solana based DeFi yield platform Texture has raised $5 million in a round co-led by P2P Capital and Sino Global. Their private beta is now live.,1668452886
is there an offline wallet that you can also stake SOL?,1668606511
Perspective of what it was like to be under SBF,1668428672
"I just noticed Google Cloud partnered with Aptos. Is that concerning for Solana, or will Google Cloud still keep the partnership with Solana?",1668198583
SOL fam WHERE YALL AT ?,1668660573
Monitor dapp execution - early adopters web3,1668444926
Another 12m unlock coming up tomorrow,1668581923
Solana DEV Interview,1668162831
"Is Solana still growing in popularity? If not, who is similar?",1668209840
What going on with media network price??,1668356091
"On Coinbase, it shows a buy rate of 92.5% for Solana, and that‚Äôs really great. Positivity is needed in these trying days.",1668402923
The wait is over now!! GameGods app is finally out on Play store. Link is provided in comment section.,1668580619
"The First Continuous Payments Protocol on Solana, Zebec Protocol has Finally Completed Bridging to the BNB Chain.",1668606796
ÔªøViasyl - Control your crypto investments in one place - Buy With Credit Card - Strong Community &amp; Marketing - Launching Now.,1668408971
Crypto Lottery,1668359493
"""Peoples coins will be suddenly unlocked in two days instead of today""",1668185595
"Thought experiment on Solana ""decentralization""",1668277383
What‚Äôs happened to the current TPS?,1668373479
‚ÄúThey seem to be moving everything‚Äù. FTX fully hacked. All funds being drained. SOL full dump likely impending,1668229904
Is Solana a good investment?,1668142957
"I‚Äôm a sea of red, SOL is hanging on üôåüèªüôåüèªüôåüèª",1668626422
Multicoin Capital letter to LPs regarding FTX; Lots of SOLANA Information.,1668135013
Unidouble: Amazon on Solana !,1668248937
SOL to the moon ?,1668665294
let me sell my coins NOW!,1668126973
Looking for Best Settup for staking $Sol then min-maxing lending protocols to help with validation and get highest % return,1668261253
eToro,1668122199
My favorite project on Solana,1668361795
Help with depreciated Bonfida,1668166330
Hey how do I stake my Solana coins and is it smart to stake now?,1668297546
Question,1668179250
Crypto regulations scam ?!!,1668325570
can't withdraw stSol from Tulip.garden lending?,1668628771
"New, crankless CLOB called Phoenix announced by Ellipsis Labs",1668446336
Did someone said Solana to the moon? üóΩ,1668636118
ÔªøViasyl - Control your crypto investments in one place - Buy With Credit Card - Strong Community &amp; Marketing - Launching Now.,1668416640
Star Atlas Impacted by FTX Insolvency:,1668216730
Phantom rewards,1668535037
Why Sol is falling today? Any new FUD?,1668328164
"UPLOAD NFT OPENSEA , BINANCE BYPASS 2CAPTCHA",1668366099
Solana based DeFi yield platform Texture has raised $5 million in a round co-led by P2P Capital and Sino Global. Their private beta is now live.,1668453128
Why is the price of wrapped ETH differ so much from ETH?,1668367684
HOW TO CLAIM YOUR SNS1 AIRDROP?,1668610372
The reason why I invest in Solana,1668498738
Solana in FTX,1668482416
Why do people think cheap fees and fast network is a strength of Solana?,1668546722
One day left! Gucci Grip Prize Pool starts in next 31 hours! / Rewards on Solana USDC,1668204326
"RIP Solana, litecoin now has a higher market cap. Another titan falling.",1668996710
How does staking APR work?,1668828934
Solana ranked #1 based on GitHub commit activity,1668868692
Adidas NFT public/free Ethereum mint now live. 1000 NFTs for the first 1000 people.,1668886259
Arrogant price prediction for Solana and brief explanation,1669001670
Porsche NFT public/free Ethereum mint now live. 1000 NFTs for the first 1000 people.,1669047718
It's time to start moderating the FUD.,1668968968
Solana USDT deposits have resumed on Binance,1668900877
üö® OKX to delist Solana? | Manage SOL and tokens on Solana on Guarda Wallet,1668787921
How many of you are still buying and Bullish about Solana?,1668888488
Anyone else having trouble using devnet?,1668801507
"What‚Äôs the deal with Serum? My project currently uses the serum-swap-ui react component, is this still a viable option for users to perform swaps on?",1668982588
What's your favorite RPC?,1669240849
Introducing Compendex - A Solana Smart Swap UI.,1669150486
We made a NFT collection to help projects recover from the FTX collapse.,1669057563
Your being robbed,1668939430
Solana current Nakamoto coefficient is actually 2. This needs to improve.,1668728739
Everstake is rolling out extrnode‚Äôs open-source load balancer for Solana public RPC nodes.,1668715328
.. 4 hours left,1668992404
ÔªøCentroFi - The One-Stop Venue To Earn - Decentralisation At Your Fingertips - A Hodler's World - Launching Now - Verified Contract - Strong Community &amp; Marketing.,1669042343
Can someone login to sollet.io? It does not load and shows this loading inage,1668814326
So many things died,1668814679
What platform do you use to find info/news about Solana and interact with the community?,1669013563
Sign up for the Genomic Dao $45 Airdrop reward https://genomicdao.com?ref=TLDBICMO,1668765246
#bitcoin #solana,1669023727
Sol to the moon soon,1668907780
Which Solana Project do you think is creating a non-conventional solution to web2 shortcomings?,1669191579
Great project,1668873632
ÔªøNyan Heroes - The future of battle royale rests in the paws of cats piloting robotic mechs - Embark on missions and collect Nyan Heroes Token - Launching Now - Verified Contract.,1669110271
Solana Core (BuildSpace) - Become A Solana Builder In Six Weeks,1668705735
News: Tether says it's moving 1 billion USDT from Solana to Ethereum,1668818718
1 SOL = 1 SOL üóΩ,1668811027
Soccer superstar Cristiano Ronaldo's exclusive Digital Art collection launches in partnership with Binance; Minting is now live.,1668778679
First hunt coming soon,1668939462
Let's Make The Koinly Tax Report integration happen ( NFTS and swaps ),1669125316
QuickNode #Nodevember event at @Solana Embassy in Wynwood,1669050486
Hackers Laundering Hundreds Of Millions They Stole From The FTX,1669072023
ÔªøToon Finance - Space Battle Grounds - Delicious Handmade Sweets - Verified Contract - Smart Staking Featured - Buy With Credit Card - Launching Now,1668865908
ÔªøNyan Heroes - The future of battle royale rests in the paws of cats piloting robotic mechs - Embark on missions and collect Nyan Heroes Token - Launching Now - Verified Contract.,1669108614
Glow Wallet - Now optimized for iPadOS,1669185009
How did FTX actually support Solana?,1669207972
"So far, has everyone been able to deposit USDT and USDC through exchanges?",1668753736
Longterm - FTX no longer hanging over solana will be a good thing.,1668791145
Sika,1668880349
Soccer superstar Cristiano Ronaldo's exclusive NFT collection launches in partnership with Binance; Minting is now live.,1668710743
The FTX examiner was a company based in the metaverse.,1669191429
"Don't wait again, come join Solcial",1668689190
Decentralisation: Huge Validators vs. Huge Holders,1668687981
You deserved it,1668929813
ÔªøToon Finance - Space Battle Grounds - Delicious Handmade Sweets - Verified Contract - Smart Staking Featured - Buy With Credit Card - Launching Now,1668847224
QuickNode #Nodevember event at @Solana Embassy in Wynwood,1669059830
"Let‚Äôs see where this goes üöÄü§û17,400 SOL @$13.5",1668953551
Things to be optimistic about regarding Solana's network performance + healing the network's perception faster,1668967721
Where we can get best buy zone for sol,1669145196
Why pretending and acting like all what happened in the crypto market affected only Solana ?,1669052122
"ÔªøNFT Art - Join the New Era of Music &amp; Art - Turn your music, art and ideas into NFTs! - Our unique NFT platform empowers creators with accessible &amp; safe tools - Launching Now.",1668761180
ÔªøCentroFi - The One-Stop Venue To Earn - Decentralisation At Your Fingertips - A Hodler's World - Launching Now - Verified Contract - Strong Community &amp; Marketing.,1669034162
Becoming a Blockchain Developer in Solana Community,1668681716
Does FTX/Alameda has still SOL? Or do they sold it already?,1668702788
Solana Core (BuildSpace) - Become A Solana Builder In Six Weeks,1668703888
How i recover deposited/sent USDC from Solana (SOL) network?,1669144172
How to switch staking validators?,1669182131
BUYING SOME NFTS TONIGHT,1668981638
ÔªøCentroFi - The One-Stop Venue To Earn - Decentralisation At Your Fingertips - A Hodler's World - Launching Now - Verified Contract - Strong Community &amp; Marketing.,1669026007
Just bought another 50 SOLS. Fingers crossed.,1669059897
Mega Black-Friday deal from Bit-Refill : 50% off $100 Amazon Gift-Cards when paying with Ethereum Web 3.0,1669145804
Crypto Winter? Star Atlas is 90 minutes away from listing a million dollar Titan spaceship for sale üî•üî•üî•,1669217439
easiest way to get Paginated Transactions on Solana,1669198828
"With the OKX delisting, Binance taking off support of USDC, and Tether coin swapping, when do we expect daily volume to go back up? It has taken a big hit.",1668817441
Sharing my Google Sheets work template of Crypto/Forex/Stock Trading Journal &amp; Strategy Analysis for Backtesting &amp; Live Trading,1669186342
Shadow Protocol : The project providing RPC infra to Solana,1668811701
Coming months will be huge for Solana,1668775066
"Everybody in their mother calling solana the VC coin like vcs aren‚Äôt invested in BTC and ETH , the injustice at its finest, KEEP STACKING SOL",1669228662
Will regulations be made and SOLANA made an example of?,1668885459
Developer question,1668877694
"Haven‚Äôt received my sol after an ignored offer I made in OpenSea, does it take time to get back into my wallet?",1669241244
Anyone had trouble unstaking from Socean?,1668882535
Solana $40 eoy üòè,1669238988
"Does it seem that Solana gets the most negativity, or is it just crypto in general? I‚Äôm still hodling, but it‚Äôs tough with all the negativity.",1668706291
"Why is Sollet website not working, not showing my holdings, and how to fix it?",1668783682
Let‚Äôs see where this goes üöÄ,1668953001
Updating the metadata of a fungible token on the Solana Blockchain,1668889176
Is this the bottom??,1669231212
My fears for Solana.,1668791566
RPC Issue during Reveal,1669147598
Guide to make membership-based NFT dApp on Solana in a day,1669164593
"Did anyone else try to stand in front of this train? Ouch, that hurt and I learned my lesson.",1669239453
SOL nft market,1668815160
OKY stopped accepting deposits or whitdrawals,1668922716
Best cold-wallet?,1668886745
Solana Loses $1 Billion in USDT to Ethereum in Tether Chain Swap,1668930238
What are NFT player card? Get more updates on GameGods app. Download now.,1668770047
"so, this the Solana labs HQ....",1668953064
üö® OKX to delist Solana? | Manage SOL and tokens on Solana on Guarda Wallet,1668781150
Vyper Protocol: The Solana Protocol disrupting the on-chain derivatives market,1668987216
this sub,1668884410
"Solanas's Largest NFT Provider, ""Parting Way"" with Staff",1668800645
Let‚Äôs compare: 2022 Solana to 2018 Ethereum,1668965328
You got a super cool SOL NFT for the SOL Fam let me know your thoughts ? https://twitter.com/greedyghostnft/status/1593361342748041218?s=46&amp;t=r9rt0piOAAx0kPM8_21qqw,1668741313
How much Sol to have it matter?,1668874011
phantom wallet from Apple APP store. Is it legid or fraud? Only 500 review.,1668868650
Should I consider taking a loss ? üòëüò≠üò¢,1668842811
"Build your own in-app Marketplace, no need to give 2% Tx Fee to Magic Eden/Fractal",1669164370
How many of you are hosting your own validators?,1668888093
"ÔªøNFT Art - Join the New Era of Music &amp; Art - Turn your music, art and ideas into NFTs! - Our unique NFT platform empowers creators with accessible &amp; safe tools - Launching Now.",1668786423
Weekly Summary | November 11 - November 18 - 2022,1668792472
Whales accumulating SOLüëå,1668896013
ÔªøCentroFi - The One-Stop Venue To Earn - Decentralisation At Your Fingertips - A Hodler's World - Launching Now - Verified Contract - Strong Community &amp; Marketing.,1669028326
USDC on Solana,1668912715
My concerns with Solana.,1668708042
"hi everyone, I converted everything to solana, On CB says 1.10% APY earn, do you know for this amount how much Solana I recive a month? thanks",1669071511
WAGMI,1668751967
Snapshot: State of the Network,1668729920
Solana Staking in Coinbase APY,1668710056
"NFT collection with market value, link in comments",1668701222
Mainly just wanted to put this on record but Solana is going right back to prices before the FTX incident.,1669190118
Off ramp with real time payouts directly in your solana dApp :) easy KYC and bank connection via Plaid,1669197363
The Slow ‚ÄúRug Pull‚Äù of Solana Ecosystem Projects,1668767741
Spin up your own RPC node quick and easy in less than 15min,1669128196
Solana Loses 70% TVL As The FTX Contagion Spreads,1668880724
A slow inevitable death.,1668803167
Diamonds are forever...,1668979323
"2-5 years from today,those who had the fortitude would look back and say,F**k i should have bought mpre..or not?",1668746858
"Have you tried to create your personal website in the past? How was the experience, and did you achieve completion?",1669192625
Why do people think sols over .. hasn‚Äôt it only launched like 3 years ago ?? Plenty of time to recover and build,1669203871
Adidas NFT public/free Ethereum mint now live. 1000 NFTs for the first 1000 people.,1668863814
Coinbase Accepts Solana USDC According To Austin Federa !,1668694690
I made an app that visualizes flow of crypto on ethereum. Should I implement this for Solana?,1668714294
Algorand had congestion issues despite only handling 16 tps. No one in R/CC posted anything about it. Looks like it confirms my theory that R/CC is heavily being brigaded by ALGO shills.,1668821575
Understanding Solana genesis block,1669013673
"QuickNode #nodevember free event at the Solana Embassy in Wynwood, Miami",1669048755
My fears about Solana.,1668802120
"Plan to buy 1 Sol every day, starting today.",1668850713
Ethereum Layer2 fee vs solana fee?,1668949764
what's the best metaverse project on Solana?,1669097330
"We Decide to Open Our Authentication, Wallet, Marketplaces/Storefronts SDK for Free for Solana Developers. Let's Make it Trough This Hard Time Together",1668668426
Soooo has anyone else seen Coinbase is only giving 1.10%apy back now? Any reasoning behind this? Are more people staking now?,1668964973
Give me a REAL REASON to keep SOLANA... Is it dead or no?,1668906913
are they rebuilding serum? Found this retweeted by the official project serum. I‚Äôm thinking of whether to just dump the rest of my $SRM holdings or wait for it to revive ?,1668676995
[FUD] Where will Solana be in 2025?,1668925094
Solana Endures 'Crucible' as FTX Connection Deletes 70% of TVL - The Defiant,1668786434
WHAT ARE YOUR TOP 3 NFTs PROJECT AND WHY?,1668719845
What can be the best marketing strategy for a metaverse and NFT-based product company on the Solana blockchain in this bear market? Open to creative discussions! üëá,1669111196
Best/safest bridge to transfer USDC from Solana to Ethereum?,1668711344
"Ethereum Massively Multiplayer game by Brights tarStudios begins open play, rewa rding land parcel to early players -Coindesk",1669227308
"Hey guys! Just saw an amazing review of Solana‚Äôs tech, ecosystem, and recent exposure to the FTX/Alameda bankruptcy. Definitely a must-see and please subscribe for more updates on the project! üöÄ",1668706524
It‚Äôs a sign - I‚Äôm vacationing in the Philippines,1669091419
"My stake is in activating status for 12 hours, is that normal?",1669207287
"Here are some steps about how to sign up on GameGods. For more updates, download the GameGods app now",1668669333
A day ago everyone was worried about Solana now everyone forgot it and worried about Ethereum because hacker dumping ETH ü§£,1668983523
ÔªøNyan Heroes - The future of battle royale rests in the paws of cats piloting robotic mechs - Embark on missions and collect Nyan Heroes Token - Launching Now - Verified Contract.,1669106583
"We developed an SDK for Solana Auth, and here are some APIs you can call right now for free",1669162948
Adidas NFT public/free Ethereum mint now live. 1000 NFTs for the first 1000 people.,1668825418
Ripple is buying FTX assets,1668919869
Delisting of USDC-Solana and USDT-Solana token networks ‚Äì OKX,1668689525
My concerns about Solana.,1668707965
Future of SOLANA,1668959314
#bitcoin #solana,1669023843
"Hi, I‚Äôm implementing swap tokens with platform fees in flutter, does anyone has Solana swap tokens with platform fees tutorials?",1668767529
Check out Phantom's Twitter contest and let us know what projects deserve some extra love and support for their contributions to the greater Solana ecosystem!,1669061272
"I created a Tic-Tac-Toe Solana Program, I would love to hear feedback about my code",1668789596
Stablecoin vaults just re-opened for deposits on Kamino Finance!,1669239257
Magic Eden integrating with Polygon to grow gaming,1669139473
Porsche NFT public/free Ethereum mint now live. 1000 NFTs for the first 1000 people.,1668898609
What are some things you would like to see developed on Solana?,1668978136
Solana Invoicing and Payroll Product (YC),1669226060
Ethereum vs Solana - who is developing more in the bear market?,1669061785
Recent positives around Solana's network performance and things that I'm looking forward to :),1668968190
Hard working team with low floor price? Drop them below and explain me why ‚öíÔ∏è,1669213064
The Best in GameFi: 6 Exciting Web3 Games in Development on Solana | HackerNoon,1668702327
My fears about Solana.,1668950359
What's the price prediction for Solana in 2024?,1669223203
Using smart contracts with cli tools,1668891048
Opportunity,1669120151
Deposits of USDC-SPL (SOL) Token Resumed | Binance Support,1669207146
hello guys! How are you after last week?,1668673190
Is this website a scam?,1668789545
"Does the Solana project see the most negativity or is that just crypto in general? I‚Äôm hodling, but it‚Äôs tough with all the negative voices.",1668706005
coinbase... logged in and SOL presented its interest % as 1.77 or something instead of 4%... logged out and showed 4%.,1668720845
Is the coin dying or is it still worth holding?,1669170989
How to buy Aptos (APT) Guide ‚Äì Binance,1668942382
My fears about Solana.,1668949413
Crypto,1669048552
"so, this is the Solana labs HQ...",1668865349
New solana project: Elite Emperors,1668941042
Bitcoin Billionaires 10K Raffle!,1669156600
ÔªøCentroFi - The One-Stop Venue To Earn - Decentralisation At Your Fingertips - A Hodler's World - Launching Now - Verified Contract - Strong Community &amp; Marketing.,1669021400
"Solana, flashy and sleek, was just a pump and dump",1669034821
What happened to MaticPo on Solana?,1668866611
first 100 wallets to transact with winG6JqMQUgJLjkgDdEXHSc93CmyeAZL8T1iP5QTcnX will get airdropped in 30 minutesüçÄ,1668985327
"If you compare Sol with other coins or tokens, then it is not rational to blame Solana",1669002199
how are you adding to the transactional use case for Solana?,1668714883
Porsche NFT public/free Ethereum mint now live. 1000 NFTs for the first 1000 people.,1668965165
Coinbase Wallet to Phantom,1669122785
Should I wait to buy more?,1668979523
Just Bought Solana,1668938978
Will Solana (SOL) Become the Next EOS and Fade into Irrelevance? Let's Compare and Find Out!,1669233779
I am an idiot.,1669218057
Selling of FTX allocation,1669030961
some funds stuck,1668788576
Follow up on staking,1668847368
"What do you think of this ? Will the chain be able to sustain itself after so much money has been pulled out of the ecosystem? I'm genuinely asking because I don't have much exposure to the Solana ecosystem. Also, looking at all those comments makes me sick. Tribalism is really an understatement.",1668891528
‚ÄûFTX CEO asked OKX for +$2 billion before contacting Binance - then he called back hours later and asked for even more‚Äú,1669027874
Kamino Finance Stable Vaults are live again üßë‚Äçüåæ,1669232694
Step Data Insights: Alameda's On-Chain DeFi Activity,1669046237
We need you!,1669212452
Kamino Retro is now live,1669219840
My fears about Solana.,1668949854
I am new here and think of going big on solana -- Advice,1669058147
FifaCup.Win - Secure betting on your favourite FIFA WC 22 Team - Presale On PinkSale 17TH NOV 14:00- 3 Hours Left - Live Match Streaming- BlockSafu Audit,1668684965
"Jet experienced soBTC price oracle exploit, Solend repaid its bad debt, MNGO token price increased by 50%. More news and stats in this Solana Lending Weeklyüëá",1669036708
Decentralized Finance: Uncontrolled Non-bank System?,1669199144
Star Atlas is listing titan ships today üî•üî•üî•,1669221076
am I an idiot?,1669173110
ÔªøCentroFi - The One-Stop Venue To Earn - Decentralisation At Your Fingertips - A Hodler's World - Launching Now - Verified Contract - Strong Community &amp; Marketing.,1669019452
We need you!,1669166899
"Am I scammed by Gate.io? Seeking assistance to recover $10000 deposit. Support not engaging, ignoring tickets for almost 24 hours, providing fake reasons.",1668769024
"‚ö°Ô∏è Defi Newsletter: Deep dives, yield opps, yield farming strategies + more!",1668814950
My fears about Solana.,1668791703
Disappointed in the Trust Wallet TWT airdrop / new browser extension. Why only Ethereum network asset eligible for rewards not bsc?,1668794311
"[Coinbureau] Solana Update: FTX, Alameda &amp; Impacts on SOL!",1668702255
We are the first ever &amp; leading NFT Chatters service.,1669186552
"Come join Solcial, while we wait for the bull season",1668930404
Cannot swap veLFTNY to xLFTNY in Lifinity,1669041342
MBD-NFT üöÄüåô,1668749427
"FYI, 51% attacks on Solana don't exist.",1668697392
Stable coin only exchanges,1668787922
People called Solana a VC coin because it was backed by SBF. Now SBF is gone (SOLs are frozen for many years because of Chapter11) and people are still complaining. ü§£,1668866813
Fun things to do with Solana?,1668766939
Guys is online tool Solanamix legit? üëæIts for anonymous txs,1668810578
Best method for SOL multi-sig wallet and easy off ramp to fiat?,1669124413
The Solananator returns from the year 2050 to hunt Vitalik Buterin,1669223879
Updating the metadata of a fungible token on the Solana Blockchain,1669232872
"What are Web3 terms? Learn with GameGods. For more updates, download the app now",1668765176
Solana Cactus,1668881256
Question on stake pools,1669048639
How to deploy an RPC Node,1669121862
$SOL is pumping,1669243486
A new platform using solana.,1668796456
"In the midst of chaos, there is also opportunity. $12 üöÄü´°",1669057529
Withdrawal,1668886371
Binance.US sol deposit disable anybody know why???,1669144631
What is Staking? Learn the web3 elements on GameGods. Download the app now,1668756026
Solana on Cronos network,1669044488
Is there any way to see approved/active Smart Contracts approval on Solana?,1668979505
ÔªøCentroFi - The One-Stop Venue To Earn - Decentralisation At Your Fingertips - A Hodler's World - Launching Now - Verified Contract - Strong Community &amp; Marketing.,1669017797
"Some perspective. In 2018, Cardano dominance dropped from 3.26% to 0.5%. These are almost identical drops to the Solana dominance.",1668989545
You‚Äôve got to take risks!!. 250k @$13.5,1668863196
Coinbase Cloud Has Been Supporting Solana Since Their Earliest Testnets,1668699328
